,Time,Plasma Level
0,0,-1.01010101
1,0.365365365,-1.01010101
2,0.730730731,-1.01010101
3,1.096096096,-1.01010101
4,1.461461461,-1.01010101
5,1.826826827,-1.01010101
6,2.192192192,-1.01010101
7,2.557557558,-1.01010101
8,2.922922923,-1.01010101
9,3.288288288,-1.01010101
10,3.653653654,-1.01010101
11,4.019019019,-1.01010101
12,4.384384384,-1.01010101
13,4.74974975,-1.01010101
14,5.115115115,-1.01010101
15,5.48048048,-1.01010101
16,5.845845846,-1.01010101
17,6.211211211,-1.01010101
18,6.576576577,-1.01010101
19,6.941941942,-1.01010101
20,7.307307307,-1.01010101
21,7.672672673,-1.01010101
22,8.038038038,-1.01010101
23,8.403403403,-1.01010101
24,8.768768769,-1.01010101
25,9.134134134,-1.01010101
26,9.499499499,-1.01010101
27,9.864864865,-1.01010101
28,10.23023023,-1.01010101
29,10.5955956,-1.01010101
30,10.96096096,-1.01010101
31,11.32632633,-1.01010101
32,11.69169169,-1.01010101
33,12.05705706,-1.01010101
34,12.42242242,-1.01010101
35,12.78778779,-1.01010101
36,13.15315315,-1.01010101
37,13.51851852,-1.01010101
38,13.88388388,-1.01010101
39,14.24924925,-0.991403127
40,14.61461461,-0.964819484
41,14.97997998,-0.939185204
42,15.34534535,-0.914466337
43,15.71071071,-0.89063015
44,16.07607608,-0.867645081
45,16.44144144,-0.845480693
46,16.80680681,-0.824107641
47,17.17217217,-0.803497628
48,17.53753754,-0.783623369
49,17.9029029,-0.764458554
50,18.26826827,-0.745977814
51,18.63363363,-0.728156688
52,18.998999,-0.710971589
53,19.36436436,-0.694399772
54,19.72972973,-0.678419309
55,20.0950951,-0.663009053
56,20.46046046,-0.648148613
57,20.82582583,-0.63381833
58,21.19119119,-0.619999245
59,21.55655656,-0.606673078
60,21.92192192,-0.593822203
61,22.28728729,-0.581429625
62,22.65265265,-0.569478955
63,23.01801802,-0.55795439
64,23.38338338,-0.546840694
65,23.74874875,-0.536123175
66,24.11411411,-0.525787664
67,24.47947948,-0.515820504
68,24.84484484,-0.50620852
69,25.21021021,-0.496939013
70,25.57557558,-0.487999736
71,25.94094094,-0.47937888
72,26.30630631,-0.471065058
73,26.67167167,-0.463047293
74,27.03703704,-0.455314995
75,27.4024024,-0.447857959
76,27.76776777,-0.44066634
77,28.13313313,-0.857924907
78,28.4984985,-0.829382771
79,28.86386386,-0.801859726
80,29.22922923,-0.775319329
81,29.59459459,-0.749726442
82,29.95995996,-0.725047185
83,30.32532533,-0.701248887
84,30.69069069,-0.678300046
85,31.05605606,-0.656170287
86,31.42142142,-0.63483032
87,31.78678679,-0.614251905
88,32.15215215,-0.594407808
89,32.51751752,-0.575271771
90,32.88288288,-0.556818476
91,33.24824825,-0.539023507
92,33.61361361,-0.521863325
93,33.97897898,-0.50531523
94,34.34434434,-0.489357334
95,34.70970971,-0.473968533
96,35.07507508,-0.459128477
97,35.44044044,-0.444817542
98,35.80580581,-0.431016808
99,36.17117117,-0.417708032
100,36.53653654,-0.40487362
101,36.9019019,-0.39249661
102,37.26726727,-0.380560647
103,37.63263263,-0.369049958
104,37.997998,-0.357949337
105,38.36336336,-0.347244119
106,38.72872873,-0.336920165
107,39.09409409,-0.326963842
108,39.45945946,-0.317362004
109,39.82482482,-0.308101975
110,40.19019019,-0.299171532
111,40.55555556,-0.290558889
112,40.92092092,-0.282252681
113,41.28628629,-0.274241953
114,41.65165165,-0.266516136
115,42.01701702,-0.823606451
116,42.38238238,-0.794629067
117,42.74774775,-0.766686261
118,43.11311311,-0.739741038
119,43.47847848,-0.713757727
120,43.84384384,-0.68870193
121,44.20920921,-0.664540483
122,44.57457457,-0.641241403
123,44.93993994,-0.618773854
124,45.30530531,-0.597108102
125,45.67067067,-0.576215475
126,46.03603604,-0.556068328
127,46.4014014,-0.536640002
128,46.76676677,-0.517904795
129,47.13213213,-0.499837921
130,47.4974975,-0.482415481
131,47.86286286,-0.465614431
132,48.22822823,-0.449412552
133,48.59359359,-0.433788416
134,48.95895896,-0.418721365
135,49.32432432,-0.404191479
136,49.68968969,-0.390179548
137,50.05505506,-0.376667051
138,50.42042042,-0.36363613
139,50.78578579,-0.351069563
140,51.15115115,-0.338950746
141,51.51651652,-0.327263667
142,51.88188188,-0.315992888
143,52.24724725,-0.305123523
144,52.61261261,-0.294641217
145,52.97797798,-0.28453213
146,53.34334334,-0.274782916
147,53.70870871,-0.265380705
148,54.07407407,-0.256313091
149,54.43943944,-0.247568107
150,54.8048048,-0.239134217
151,55.17017017,-0.231000296
152,55.53553554,-0.223155619
153,55.9009009,-0.215589841
154,56.26626627,-0.20829299
155,56.63163163,-0.201255449
156,56.996997,-0.194467946
157,57.36236236,-0.18792154
158,57.72772773,-0.181607609
159,58.09309309,-0.17551784
160,58.45845846,-0.169644217
161,58.82382382,-0.163979012
162,59.18918919,-0.158514772
163,59.55455455,-0.15324431
164,59.91991992,-0.148160698
165,60.28528529,-0.143257253
166,60.65065065,-0.138527533
167,61.01601602,-0.133965327
168,61.38138138,-0.129564644
169,61.74674675,-0.125319709
170,62.11211211,-0.121224951
171,62.47747748,-0.117275002
172,62.84284284,-0.113464683
173,63.20820821,-0.109789001
174,63.57357357,-0.106243142
175,63.93893894,-0.102822464
176,64.3043043,-0.099522491
177,64.66966967,-0.096338906
178,65.03503504,-0.093267548
179,65.4004004,-0.090304404
180,65.76576577,-0.087445604
181,66.13113113,-0.084687418
182,66.4964965,-0.082026247
183,66.86186186,-0.079458624
184,67.22722723,-0.076981203
185,67.59259259,-0.074590758
186,67.95795796,-0.07228418
187,68.32332332,-0.07005847
188,68.68868869,-0.067910737
189,69.05405405,-0.065838193
190,69.41941942,-0.063838148
191,69.78478478,-0.061908012
192,70.15015015,-0.060045284
193,70.51551552,-0.058247554
194,70.88088088,-0.056512498
195,71.24624625,-0.054837876
196,71.61161161,-0.053221526
197,71.97697698,-0.051661366
198,72.34234234,-0.050155386
199,72.70770771,-0.04870165
200,73.07307307,-0.047298289
201,73.43843844,-0.045943502
202,73.8038038,-0.044635553
203,74.16916917,-0.043372768
204,74.53453453,-0.042153531
205,74.8998999,-0.040976286
206,75.26526527,-0.039839531
207,75.63063063,-0.03874182
208,75.995996,-0.037681756
209,76.36136136,-0.036657993
210,76.72672673,-0.035669235
211,77.09209209,-0.034714229
212,77.45745746,-0.033791768
213,77.82282282,-0.032900691
214,78.18818819,-0.032039874
215,78.55355355,-0.031208236
216,78.91891892,-0.030404735
217,79.28428428,-0.029628364
218,79.64964965,-0.028878153
219,80.01501502,-0.028153169
220,80.38038038,-0.027452508
221,80.74574575,-0.026775302
222,81.11111111,-0.026120713
223,81.47647648,-0.025487932
224,81.84184184,-0.024876179
225,82.20720721,-0.024284704
226,82.57257257,-0.023712781
227,82.93793794,-0.023159713
228,83.3033033,-0.022624824
229,83.66866867,-0.022107467
230,84.03403403,-0.021607013
231,84.3993994,-0.021122859
232,84.76476476,-0.020654424
233,85.13013013,-0.020201144
234,85.4954955,-0.01976248
235,85.86086086,-0.019337907
236,86.22622623,-0.018926924
237,86.59159159,-0.018529045
238,86.95695696,-0.018143802
239,87.32232232,-0.017770742
240,87.68768769,-0.017409432
241,88.05305305,-0.017059451
242,88.41841842,-0.016720396
243,88.78378378,-0.016391874
244,89.14914915,-0.016073512
245,89.51451451,-0.015764945
246,89.87987988,-0.015465824
247,90.24524525,-0.015175811
248,90.61061061,-0.014894583
249,90.97597598,-0.014621824
250,91.34134134,-0.014357232
251,91.70670671,-0.014100517
252,92.07207207,-0.013851397
253,92.43743744,-0.0136096
254,92.8028028,-0.013374866
255,93.16816817,-0.013146943
256,93.53353353,-0.012925586
257,93.8988989,-0.012710563
258,94.26426426,-0.012501648
259,94.62962963,-0.012298621
260,94.99499499,-0.012101274
261,95.36036036,-0.011909403
262,95.72572573,-0.011722814
263,96.09109109,-0.011541318
264,96.45645646,-0.011364734
265,96.82182182,-0.011192886
266,97.18718719,-0.011025605
267,97.55255255,-0.01086273
268,97.91791792,-0.010704102
269,98.28328328,-0.010549571
270,98.64864865,-0.01039899
271,99.01401401,-0.010252219
272,99.37937938,-0.010109122
273,99.74474474,-0.009969568
274,100.1101101,-0.009833431
275,100.4754755,-0.00970059
276,100.8408408,-0.009570927
277,101.2062062,-0.009444329
278,101.5715716,-0.009320687
279,101.9369369,-0.009199896
280,102.3023023,-0.009081855
281,102.6676677,-0.008966465
282,103.033033,-0.008853632
283,103.3983984,-0.008743266
284,103.7637638,-0.008635279
285,104.1291291,-0.008529587
286,104.4944945,-0.008426107
287,104.8598599,-0.008324761
288,105.2252252,-0.008225474
289,105.5905906,-0.008128173
290,105.955956,-0.008032786
291,106.3213213,-0.007939246
292,106.6866867,-0.007847489
293,107.0520521,-0.007757449
294,107.4174174,-0.007669067
295,107.7827828,-0.007582284
296,108.1481481,-0.007497043
297,108.5135135,-0.00741329
298,108.8788789,-0.007330972
299,109.2442442,-0.007250038
300,109.6096096,-0.007170439
301,109.974975,-0.007092128
302,110.3403403,-0.00701506
303,110.7057057,-0.00693919
304,111.0710711,-0.006864477
305,111.4364364,-0.00679088
306,111.8018018,-0.006718359
307,112.1671672,-0.006646876
308,112.5325325,-0.006576395
309,112.8978979,-0.006506881
310,113.2632633,-0.006438299
311,113.6286286,-0.006370616
312,113.993994,-0.006303802
313,114.3593594,-0.006237825
314,114.7247247,-0.006172657
315,115.0900901,-0.006108269
316,115.4554555,-0.006044633
317,115.8208208,-0.005981723
318,116.1861862,-0.005919514
319,116.5515516,-0.005857981
320,116.9169169,-0.005797101
321,117.2822823,-0.005736851
322,117.6476476,-0.005677209
323,118.013013,-0.005618153
324,118.3783784,-0.005559664
325,118.7437437,-0.005501721
326,119.1091091,-0.005444306
327,119.4744745,-0.005387401
328,119.8398398,-0.005330987
329,120.2052052,-0.005275048
330,120.5705706,-0.005219567
331,120.9359359,-0.005164528
332,121.3013013,-0.005109916
333,121.6666667,-0.005055717
334,122.032032,-0.005001916
335,122.3973974,-0.0049485
336,122.7627628,-0.004895455
337,123.1281281,-0.004842769
338,123.4934935,-0.004790429
339,123.8588589,-0.004738423
340,124.2242242,-0.004686741
341,124.5895896,-0.004635371
342,124.954955,-0.004584302
343,125.3203203,-0.004533525
344,125.6856857,-0.004483029
345,126.0510511,-0.004432805
346,126.4164164,-0.004382844
347,126.7817818,-0.004333137
348,127.1471471,-0.004283675
349,127.5125125,-0.004234451
350,127.8778779,-0.004185456
351,128.2432432,-0.004136682
352,128.6086086,-0.004088123
353,128.973974,-0.00403977
354,129.3393393,-0.003991618
355,129.7047047,-0.00394366
356,130.0700701,-0.003895889
357,130.4354354,-0.003848299
358,130.8008008,-0.003800885
359,131.1661662,-0.00375364
360,131.5315315,-0.003706559
361,131.8968969,-0.003659637
362,132.2622623,-0.003612868
363,132.6276276,-0.003566249
364,132.992993,-0.003519773
365,133.3583584,-0.003473436
366,133.7237237,-0.003427234
367,134.0890891,-0.003381163
368,134.4544545,-0.003335218
369,134.8198198,-0.003289396
370,135.1851852,-0.003243693
371,135.5505506,-0.003198105
372,135.9159159,-0.003152628
373,136.2812813,-0.003107259
374,136.6466466,-0.003061995
375,137.012012,-0.003016832
376,137.3773774,-0.002971768
377,137.7427427,-0.002926799
378,138.1081081,-0.002881923
379,138.4734735,-0.002837137
380,138.8388388,-0.002792438
381,139.2042042,-0.002747823
382,139.5695696,-0.002703291
383,139.9349349,-0.002658839
384,140.3003003,-0.002614464
385,140.6656657,-0.002570164
386,141.031031,-0.002525937
387,141.3963964,-0.002481782
388,141.7617618,-0.002437695
389,142.1271271,-0.002393676
390,142.4924925,-0.002349722
391,142.8578579,-0.002305831
392,143.2232232,-0.002262002
393,143.5885886,-0.002218234
394,143.953954,-0.002174523
395,144.3193193,-0.00213087
396,144.6846847,-0.002087273
397,145.0500501,-0.002043729
398,145.4154154,-0.002000238
399,145.7807808,-0.001956798
400,146.1461461,-0.001913409
401,146.5115115,-0.001870068
402,146.8768769,-0.001826775
403,147.2422422,-0.001783528
404,147.6076076,-0.001740327
405,147.972973,-0.00169717
406,148.3383383,-0.001654056
407,148.7037037,-0.001610985
408,149.0690691,-0.001567954
409,149.4344344,-0.001524965
410,149.7997998,-0.001482014
411,150.1651652,-0.001439102
412,150.5305305,-0.001396228
413,150.8958959,-0.001353391
414,151.2612613,-0.00131059
415,151.6266266,-0.001267824
416,151.991992,-0.001225093
417,152.3573574,-0.001182397
418,152.7227227,-0.001139733
419,153.0880881,-0.001097102
420,153.4534535,-0.001054504
421,153.8188188,-0.001011936
422,154.1841842,-0.0009694
423,154.5495495,-0.000926894
424,154.9149149,-0.000884418
425,155.2802803,-0.000841971
426,155.6456456,-0.000799552
427,156.011011,-0.000757162
428,156.3763764,-0.0007148
429,156.7417417,-0.000672465
430,157.1071071,-0.000630158
431,157.4724725,-0.000587876
432,157.8378378,-0.000545621
433,158.2032032,-0.000503391
434,158.5685686,-0.000461187
435,158.9339339,-0.000419008
436,159.2992993,-0.000376853
437,159.6646647,-0.000334723
438,160.03003,-0.000292617
439,160.3953954,-0.000250534
440,160.7607608,-0.000208474
441,161.1261261,-0.000166438
442,161.4914915,-0.000124424
443,161.8568569,-8.24E-05
444,162.2222222,-4.05E-05
445,162.5875876,1.48E-06
446,162.952953,4.34E-05
447,163.3183183,8.53E-05
448,163.6836837,0.000127194
449,164.049049,0.000169056
450,164.4144144,0.000210896
451,164.7797798,0.000252716
452,165.1451451,0.000294516
453,165.5105105,0.000336295
454,165.8758759,0.000378055
455,166.2412412,0.000419794
456,166.6066066,0.000461514
457,166.971972,0.000503214
458,167.3373373,0.000544895
459,167.7027027,0.000586557
460,168.0680681,0.000628199
461,168.4334334,0.000669823
462,168.7987988,0.000711428
463,169.1641642,0.000753014
464,169.5295295,0.000794582
465,169.8948949,0.000836131
466,170.2602603,0.000877662
467,170.6256256,0.000919175
468,170.990991,0.00096067
469,171.3563564,0.001002147
470,171.7217217,0.001043606
471,172.0870871,0.001085048
472,172.4524525,0.001126472
473,172.8178178,0.001167878
474,173.1831832,0.001209267
475,173.5485485,0.001250638
476,173.9139139,0.001291993
477,174.2792793,0.00133333
478,174.6446446,0.00137465
479,175.01001,0.001415953
480,175.3753754,0.001457239
481,175.7407407,0.001498508
482,176.1061061,0.00153976
483,176.4714715,0.001580996
484,176.8368368,0.001622215
485,177.2022022,0.001663417
486,177.5675676,0.001704603
487,177.9329329,0.001745773
488,178.2982983,0.001786926
489,178.6636637,0.001828062
490,179.029029,0.001869182
491,179.3943944,0.001910286
492,179.7597598,0.001951374
493,180.1251251,0.001992446
494,180.4904905,0.002033501
495,180.8558559,0.002074541
496,181.2212212,0.002115564
497,181.5865866,0.002156572
498,181.951952,0.002197563
499,182.3173173,0.002238539
500,182.6826827,0.002279498
501,183.048048,0.002320442
502,183.4134134,0.00236137
503,183.7787788,0.002402283
504,184.1441441,0.002443179
505,184.5095095,0.00248406
506,184.8748749,0.002524925
507,185.2402402,0.002565775
508,185.6056056,0.002606609
509,185.970971,0.002647428
510,186.3363363,0.002688231
511,186.7017017,0.002729018
512,187.0670671,0.00276979
513,187.4324324,0.002810547
514,187.7977978,0.002851288
515,188.1631632,0.002892014
516,188.5285285,0.002932724
517,188.8938939,0.002973419
518,189.2592593,0.003014099
519,189.6246246,0.003054763
520,189.98999,0.003095412
521,190.3553554,0.003136046
522,190.7207207,0.003176664
523,191.0860861,0.003217268
524,191.4514515,0.003257856
525,191.8168168,0.003298429
526,192.1821822,0.003338987
527,192.5475475,0.003379529
528,192.9129129,0.003420057
529,193.2782783,0.003460569
530,193.6436436,0.003501066
531,194.009009,0.003541549
532,194.3743744,0.003582016
533,194.7397397,0.003622468
534,195.1051051,0.003662905
535,195.4704705,0.003703327
536,195.8358358,0.003743734
537,196.2012012,0.003784126
538,196.5665666,0.003824503
539,196.9319319,0.003864865
540,197.2972973,0.003905212
541,197.6626627,0.003945544
542,198.028028,0.003985862
543,198.3933934,0.004026164
544,198.7587588,0.004066451
545,199.1241241,0.004106724
546,199.4894895,0.004146981
547,199.8548549,0.004187224
548,200.2202202,0.004227452
549,200.5855856,0.004267665
550,200.950951,0.004307864
551,201.3163163,0.004348047
552,201.6816817,0.004388216
553,202.047047,0.00442837
554,202.4124124,0.004468509
555,202.7777778,0.004508633
556,203.1431431,0.004548742
557,203.5085085,0.004588837
558,203.8738739,0.004628917
559,204.2392392,0.004668982
560,204.6046046,0.004709033
561,204.96997,0.004749068
562,205.3353353,0.004789089
563,205.7007007,0.004829096
564,206.0660661,0.004869087
565,206.4314314,0.004909064
566,206.7967968,0.004949026
567,207.1621622,0.004988974
568,207.5275275,0.005028907
569,207.8928929,0.005068825
570,208.2582583,0.005108729
571,208.6236236,0.005148618
572,208.988989,0.005188492
573,209.3543544,0.005228352
574,209.7197197,0.005268197
575,210.0850851,0.005308027
576,210.4504505,0.005347843
577,210.8158158,0.005387644
578,211.1811812,0.005427431
579,211.5465465,0.005467203
580,211.9119119,0.00550696
581,212.2772773,0.005546703
582,212.6426426,0.005586432
583,213.008008,0.005626145
584,213.3733734,0.005665845
585,213.7387387,0.005705529
586,214.1041041,0.0057452
587,214.4694695,0.005784855
588,214.8348348,0.005824496
589,215.2002002,0.005864123
590,215.5655656,0.005903735
591,215.9309309,0.005943333
592,216.2962963,0.005982916
593,216.6616617,0.006022484
594,217.027027,0.006062038
595,217.3923924,0.006101578
596,217.7577578,0.006141103
597,218.1231231,0.006180614
598,218.4884885,0.00622011
599,218.8538539,0.006259592
600,219.2192192,0.006299059
601,219.5845846,0.006338512
602,219.9499499,0.006377951
603,220.3153153,0.006417375
604,220.6806807,0.006456784
605,221.046046,0.00649618
606,221.4114114,0.00653556
607,221.7767768,0.006574927
608,222.1421421,0.006614279
609,222.5075075,0.006653616
610,222.8728729,0.00669294
611,223.2382382,0.006732248
612,223.6036036,0.006771543
613,223.968969,0.006810823
614,224.3343343,0.006850089
615,224.6996997,0.00688934
616,225.0650651,0.006928577
617,225.4304304,0.0069678
618,225.7957958,0.007007008
619,226.1611612,0.007046202
620,226.5265265,0.007085382
621,226.8918919,0.007124547
622,227.2572573,0.007163698
623,227.6226226,0.007202835
624,227.987988,0.007241957
625,228.3533534,0.007281065
626,228.7187187,0.007320159
627,229.0840841,0.007359239
628,229.4494494,0.007398304
629,229.8148148,0.007437355
630,230.1801802,0.007476392
631,230.5455455,0.007515414
632,230.9109109,0.007554422
633,231.2762763,0.007593416
634,231.6416416,0.007632396
635,232.007007,0.007671361
636,232.3723724,0.007710312
637,232.7377377,0.007749249
638,233.1031031,0.007788172
639,233.4684685,0.007827081
640,233.8338338,0.007865975
641,234.1991992,0.007904855
642,234.5645646,0.007943721
643,234.9299299,0.007982572
644,235.2952953,0.00802141
645,235.6606607,0.008060233
646,236.026026,0.008099042
647,236.3913914,0.008137837
648,236.7567568,0.008176618
649,237.1221221,0.008215384
650,237.4874875,0.008254137
651,237.8528529,0.008292875
652,238.2182182,0.008331599
653,238.5835836,0.008370309
654,238.9489489,0.008409005
655,239.3143143,0.008447686
656,239.6796797,0.008486354
657,240.045045,0.008525007
658,240.4104104,0.008563646
659,240.7757758,0.008602271
660,241.1411411,0.008640882
661,241.5065065,0.008679479
662,241.8718719,0.008718062
663,242.2372372,0.008756631
664,242.6026026,0.008795185
665,242.967968,0.008833726
666,243.3333333,0.008872252
667,243.6986987,0.008910765
668,244.0640641,0.008949263
669,244.4294294,0.008987747
670,244.7947948,0.009026218
671,245.1601602,0.009064674
672,245.5255255,0.009103116
673,245.8908909,0.009141544
674,246.2562563,0.009179958
675,246.6216216,0.009218358
676,246.986987,0.009256744
677,247.3523524,0.009295116
678,247.7177177,0.009333473
679,248.0830831,0.009371817
680,248.4484484,0.009410147
681,248.8138138,0.009448463
682,249.1791792,0.009486765
683,249.5445445,0.009525053
684,249.9099099,0.009563327
685,250.2752753,0.009601587
686,250.6406406,0.009639832
687,251.006006,0.009678064
688,251.3713714,0.009716282
689,251.7367367,0.009754486
690,252.1021021,0.009792676
691,252.4674675,0.009830853
692,252.8328328,0.009869015
693,253.1981982,0.009907163
694,253.5635636,0.009945297
695,253.9289289,0.009983418
696,254.2942943,0.010021524
697,254.6596597,0.010059617
698,255.025025,0.010097695
699,255.3903904,0.01013576
700,255.7557558,0.010173811
701,256.1211211,0.010211847
702,256.4864865,0.01024987
703,256.8518519,0.010287879
704,257.2172172,0.010325875
705,257.5825826,0.010363856
706,257.9479479,0.010401823
707,258.3133133,0.010439777
708,258.6786787,0.010477717
709,259.044044,0.010515643
710,259.4094094,0.010553555
711,259.7747748,0.010591453
712,260.1401401,0.010629337
713,260.5055055,0.010667208
714,260.8708709,0.010705064
715,261.2362362,0.010742907
716,261.6016016,0.010780736
717,261.966967,0.010818551
718,262.3323323,0.010856352
719,262.6976977,0.01089414
720,263.0630631,0.010931914
721,263.4284284,0.010969674
722,263.7937938,0.01100742
723,264.1591592,0.011045152
724,264.5245245,0.011082871
725,264.8898899,0.011120576
726,265.2552553,0.011158267
727,265.6206206,0.011195944
728,265.985986,0.011233607
729,266.3513514,0.011271257
730,266.7167167,0.011308893
731,267.0820821,0.011346515
732,267.4474474,0.011384124
733,267.8128128,0.011421718
734,268.1781782,0.011459299
735,268.5435435,0.011496867
736,268.9089089,0.01153442
737,269.2742743,0.01157196
738,269.6396396,0.011609486
739,270.005005,0.011646999
740,270.3703704,0.011684497
741,270.7357357,0.011721982
742,271.1011011,0.011759454
743,271.4664665,0.011796911
744,271.8318318,0.011834355
745,272.1971972,0.011871785
746,272.5625626,0.011909202
747,272.9279279,0.011946605
748,273.2932933,0.011983994
749,273.6586587,0.01202137
750,274.024024,0.012058732
751,274.3893894,0.01209608
752,274.7547548,0.012133415
753,275.1201201,0.012170736
754,275.4854855,0.012208043
755,275.8508509,0.012245337
756,276.2162162,0.012282617
757,276.5815816,0.012319884
758,276.9469469,0.012357136
759,277.3123123,0.012394376
760,277.6776777,0.012431601
761,278.043043,0.012468814
762,278.4084084,0.012506012
763,278.7737738,0.012543197
764,279.1391391,0.012580368
765,279.5045045,0.012617526
766,279.8698699,0.01265467
767,280.2352352,0.012691801
768,280.6006006,0.012728918
769,280.965966,0.012766021
770,281.3313313,0.012803111
771,281.6966967,0.012840188
772,282.0620621,0.012877251
773,282.4274274,0.0129143
774,282.7927928,0.012951336
775,283.1581582,0.012988358
776,283.5235235,0.013025367
777,283.8888889,0.013062362
778,284.2542543,0.013099343
779,284.6196196,0.013136312
780,284.984985,0.013173266
781,285.3503504,0.013210207
782,285.7157157,0.013247135
783,286.0810811,0.013284049
784,286.4464464,0.01332095
785,286.8118118,0.013357837
786,287.1771772,0.013394711
787,287.5425425,0.013431571
788,287.9079079,0.013468418
789,288.2732733,0.013505251
790,288.6386386,0.013542071
791,289.004004,0.013578878
792,289.3693694,0.013615671
793,289.7347347,0.01365245
794,290.1001001,0.013689216
795,290.4654655,0.013725969
796,290.8308308,0.013762708
797,291.1961962,0.013799434
798,291.5615616,0.013836146
799,291.9269269,0.013872845
800,292.2922923,0.013909531
801,292.6576577,0.013946203
802,293.023023,0.013982862
803,293.3883884,0.014019508
804,293.7537538,0.01405614
805,294.1191191,0.014092758
806,294.4844845,0.014129363
807,294.8498498,0.014165955
808,295.2152152,0.014202534
809,295.5805806,0.014239099
810,295.9459459,0.014275651
811,296.3113113,0.014312189
812,296.6766767,0.014348714
813,297.042042,0.014385226
814,297.4074074,0.014421725
815,297.7727728,0.01445821
816,298.1381381,0.014494682
817,298.5035035,0.01453114
818,298.8688689,0.014567585
819,299.2342342,0.014604017
820,299.5995996,0.014640435
821,299.964965,0.014676841
822,300.3303303,0.014713233
823,300.6956957,0.014749611
824,301.0610611,0.014785977
825,301.4264264,0.014822329
826,301.7917918,0.014858667
827,302.1571572,0.014894993
828,302.5225225,0.014931305
829,302.8878879,0.014967604
830,303.2532533,0.01500389
831,303.6186186,0.015040162
832,303.983984,0.015076421
833,304.3493493,0.015112667
834,304.7147147,0.0151489
835,305.0800801,0.015185119
836,305.4454454,0.015221326
837,305.8108108,0.015257519
838,306.1761762,0.015293698
839,306.5415415,0.015329865
840,306.9069069,0.015366018
841,307.2722723,0.015402159
842,307.6376376,0.015438286
843,308.003003,0.015474399
844,308.3683684,0.0155105
845,308.7337337,0.015546587
846,309.0990991,0.015582661
847,309.4644645,0.015618722
848,309.8298298,0.01565477
849,310.1951952,0.015690805
850,310.5605606,0.015726826
851,310.9259259,0.015762835
852,311.2912913,0.01579883
853,311.6566567,0.015834812
854,312.022022,0.015870781
855,312.3873874,0.015906737
856,312.7527528,0.015942679
857,313.1181181,0.015978609
858,313.4834835,0.016014525
859,313.8488488,0.016050428
860,314.2142142,0.016086319
861,314.5795796,0.016122196
862,314.9449449,0.01615806
863,315.3103103,0.01619391
864,315.6756757,0.016229748
865,316.041041,0.016265573
866,316.4064064,0.016301384
867,316.7717718,0.016337183
868,317.1371371,0.016372968
869,317.5025025,0.01640874
870,317.8678679,0.0164445
871,318.2332332,0.016480246
872,318.5985986,0.016515979
873,318.963964,0.016551699
874,319.3293293,0.016587406
875,319.6946947,0.0166231
876,320.0600601,0.016658781
877,320.4254254,0.016694449
878,320.7907908,0.016730104
879,321.1561562,0.016765746
880,321.5215215,0.016801374
881,321.8868869,0.01683699
882,322.2522523,0.016872593
883,322.6176176,0.016908183
884,322.982983,0.01694376
885,323.3483483,0.016979324
886,323.7137137,0.017014874
887,324.0790791,0.017050412
888,324.4444444,0.017085937
889,324.8098098,0.017121449
890,325.1751752,0.017156948
891,325.5405405,0.017192434
892,325.9059059,0.017227907
893,326.2712713,0.017263367
894,326.6366366,0.017298814
895,327.002002,0.017334248
896,327.3673674,0.017369669
897,327.7327327,0.017405077
898,328.0980981,0.017440473
899,328.4634635,0.017475855
900,328.8288288,0.017511224
901,329.1941942,0.017546581
902,329.5595596,0.017581924
903,329.9249249,0.017617255
904,330.2902903,0.017652573
905,330.6556557,0.017687878
906,331.021021,0.01772317
907,331.3863864,0.017758449
908,331.7517518,0.017793715
909,332.1171171,0.017828968
910,332.4824825,0.017864209
911,332.8478478,0.017899436
912,333.2132132,0.017934651
913,333.5785786,0.017969853
914,333.9439439,0.018005042
915,334.3093093,0.018040218
916,334.6746747,0.018075381
917,335.04004,0.018110532
918,335.4054054,0.018145669
919,335.7707708,0.018180794
920,336.1361361,0.018215906
921,336.5015015,0.018251005
922,336.8668669,0.018286091
923,337.2322322,0.018321165
924,337.5975976,0.018356225
925,337.962963,0.018391273
926,338.3283283,0.018426308
927,338.6936937,0.018461331
928,339.0590591,0.01849634
929,339.4244244,0.018531337
930,339.7897898,0.01856632
931,340.1551552,0.018601292
932,340.5205205,0.01863625
933,340.8858859,0.018671195
934,341.2512513,0.018706128
935,341.6166166,0.018741048
936,341.981982,0.018775955
937,342.3473473,0.01881085
938,342.7127127,0.018845732
939,343.0780781,0.018880601
940,343.4434434,0.018915457
941,343.8088088,0.018950301
942,344.1741742,0.018985131
943,344.5395395,0.019019949
944,344.9049049,0.019054755
945,345.2702703,0.019089548
946,345.6356356,0.019124327
947,346.001001,0.019159095
948,346.3663664,0.019193849
949,346.7317317,0.019228591
950,347.0970971,0.01926332
951,347.4624625,0.019298037
952,347.8278278,0.019332741
953,348.1931932,0.019367432
954,348.5585586,0.01940211
955,348.9239239,0.019436776
956,349.2892893,0.019471429
957,349.6546547,0.019506069
958,350.02002,0.019540697
959,350.3853854,0.019575312
960,350.7507508,0.019609915
961,351.1161161,0.019644505
962,351.4814815,0.019679082
963,351.8468468,0.019713647
964,352.2122122,0.019748199
965,352.5775776,0.019782738
966,352.9429429,0.019817265
967,353.3083083,0.019851779
968,353.6736737,0.01988628
969,354.039039,0.019920769
970,354.4044044,0.019955245
971,354.7697698,0.019989709
972,355.1351351,0.02002416
973,355.5005005,0.020058599
974,355.8658659,0.020093025
975,356.2312312,0.020127438
976,356.5965966,0.020161839
977,356.961962,0.020196227
978,357.3273273,0.020230603
979,357.6926927,0.020264966
980,358.0580581,0.020299317
981,358.4234234,0.020333655
982,358.7887888,0.02036798
983,359.1541542,0.020402293
984,359.5195195,0.020436594
985,359.8848849,0.020470881
986,360.2502503,0.020505157
987,360.6156156,0.02053942
988,360.980981,0.02057367
989,361.3463463,0.020607908
990,361.7117117,0.020642133
991,362.0770771,0.020676346
992,362.4424424,0.020710546
993,362.8078078,0.020744734
994,363.1731732,0.020778909
995,363.5385385,0.020813072
996,363.9039039,0.020847222
997,364.2692693,0.02088136
998,364.6346346,0.020915486
999,365,0.020949599